_id,id,id,url
32760,12128,23,https://cartermachinery.com/machines/used/switchgears
32743,12128,23,https://cartermachinery.com/machines/used/chiller
30525,11980,31,https://forsalebycontractor.com/trailers
34543,12210,29,http://tuffmachinery.com/products/compactors/
30450,11897,22,https://www.southernplainseq.com/listing-category/rent/other-rent/
29435,10936,31,http://apexequipment.com/roll-off-trucks-for-sale/roll-off-trucks-page=1
34555,12210,29,http://tuffmachinery.com/products/wheel-loaders/
34183,12358,29,https://fertilizerequipment.net/?page_id=16
29413,10918,32,https://tropictrailer.com/inventory/?fwp_construction=aluminum
29441,10936,31,http://apexequipment.com/grapple-trucks-for-sale/
29368,10889,31,http://frenchvilletrailer.com/collections/cm-trailers
32746,12128,23,https://cartermachinery.com/machines/used/cold-planers
29436,10936,31,http://apexequipment.com/hooklift-trucks-for-sale/hooklift-trucks-page=1
33034,12206,23,https://www.thompsontractor.com/machines/used/excavators
33045,12206,23,https://www.thompsontractor.com/machines/used/telehandlers
34553,12210,29,http://tuffmachinery.com/products/telehandlers/
29267,10816,23,http://riechmannbros.com/Used-Equipment.aspx
32756,12128,23,https://cartermachinery.com/machines/used/off-highway-trucks
34179,12358,29,https://fertilizerequipment.net/?page_id=12
33028,12206,23,https://www.thompsontractor.com/machines/used/articulated-trucks
30527,11980,31,https://forsalebycontractor.com/equipment
33604,11896,32,https://access-lift.com/inventory/boom-lifts/
29589,11086,29,http://hjvequip.com/category/all-used-equipment/used-application-equipment/used-fertilizer-tender/
32766,12128,23,https://cartermachinery.com/machines/used/wheel-excavator
29277,10816,23,http://riechmannbros.com/Equipment/Used-Equipment/Box-Drills.aspx
29273,10816,23,http://riechmannbros.com/Equipment/Used-Equipment/Vertical-Tillage.aspx
32763,12128,23,https://cartermachinery.com/machines/used/track-loader
32752,12128,23,https://cartermachinery.com/machines/used/generators
29292,10834,31,https://chartertrucks.com/listing-category/other-equipment/machinery/
29366,10889,31,http://frenchvilletrailer.com/collections/utility-trailers-1
30464,11911,22,https://www.trucksntools.com/trucks.html
28910,10560,32,https://www.cmw-equip.com/used-equipment/used-paving-equipment/used-paving-equipment-trimmers/
28924,10585,23,https://www.triplectrailersales.com/bodytype/pig-trailers/
29408,10918,32,https://tropictrailer.com/inventory/?fwp_type=boat-trailer
29226,10783,31,https://steenent.com/used-equipment/used-utility-vehicles/
30470,11918,23,https://www.candhequipment.com/used-equipment/other/
30482,10459,29,http://www.jaspertrucks.com/inventory.aspx
29781,11285,23,https://www.worktrucksandvans.com/inventory-work-trucks-vans/box-trucks.html
28933,12051,23,http://midcosales.com/manufacturer/dragon-trailers/
29714,11201,31,http://www.rogerstrailers.com/series/tag-along-trailers
33361,12167,29,https://www.quinncompany.com/used-equipment/backhoe-loaders/
32757,12128,23,https://cartermachinery.com/machines/used/pipelayers
28831,12345,32,http://www.unitedequipmentfunding.com/inventory.aspx
34182,12358,29,https://fertilizerequipment.net/?page_id=15
33132,12152,32,https://www.nmccat.com/used-equipment/wheel-tractor-scrapers?fwp_categories=wheel-tractor-scrapers
29011,10629,29,https://kcbobcat.com/inventory/
28560,10326,32,https://www.countryblacksmithtrailers.com/store/pc/Used-Trailers-For-Sale-c150.htm
29369,10889,22,https://www.farmindustrial.com/collections/package-deals
30638,12101,31,http://www.stjosephequipment.com/inventory.php?category=&manufacturer=&condition=Used&submit=Search
33035,12206,23,https://www.thompsontractor.com/machines/used/motor-graders
28033,10154,31,https://www.clarksequipmentsales.com/rentals
28987,10621,22,https://www.alm9.com/Utility-Trailers
29681,11184,29,https://www.westgatetrailer.net/inventory
32942,12135,29,https://www.yanceybros.com/cat_used_equipments/knuckleboom-loader
30456,11906,29,http://blackburntruckequipment.com/trucks/used-trucks/
28563,10326,32,https://www.countryblacksmithtrailers.com/store/pc/viewCategories.asp
28320,10217,31,https://www.clevelandbrothers.com/front-end-loader/
29377,10894,31,https://www.gesales.com/category/construction-equipment/compact-excavators/
32759,12128,23,https://cartermachinery.com/machines/used/skidders
32643,12123,31,http://www.foleyinc.com/construction/used/track-type-loaders-crawlers/
28970,10621,22,https://www.alm9.com/Aluminium-Car-Trailers
29647,11154,31,https://www.usedworktrucksforsale.com/trucks-for-sale/?group=dump-truck
28544,10326,32,https://www.countryblacksmithtrailers.com/store/pc/Used-Equipment-Car-Trailers-For-Sale-c242.htm
30574,12046,29,http://www.krrauch.com/used/
30269,11720,31,http://westlietruckcenters.com/sales---minot/inventory---minot/
32883,12133,23,https://www.gregorypoole.com/used-equipment/equipment/work-tools/
34578,12234,32,http://www.atkinsontrucksales.com/trucklist.php?type=Trailers&subtype=Miscellaneous
30228,12055,29,https://www.coloradotrailersinc.com/toy-haulers
34545,12210,29,http://tuffmachinery.com/products/excavators/
30532,11984,31,https://www.i10equipment.com/Catalog/Trailers
29281,10823,31,http://www.doonantruck.com/inventory.aspx
30130,12207,31,https://www.mileatruck.com/used-trucks
32954,12135,29,https://www.yanceybros.com/cat_used_equipments/mining-motor-grader
33618,11317,32,https://www.bigtruckequipment.com/inventory/9/Water-Trucks-&-Tankers
29018,11568,31,https://bobcatofhouston.com/inventory/?condition=used
30196,11617,23,https://www.thetrailerplace.com/car-trailers/
29645,11154,29,http://www.wholesaleequipmentsales.com/
33622,11317,32,https://www.bigtruckequipment.com/inventory/35/Aerial-Work-Platforms
33102,12147,22,https://www.altorfer.com/used/equipment/scrapers/
30305,11753,22,https://inventory.lmtractor.com/
30204,11639,31,https://www.goodrichtrailers.com/trailers/
28798,10446,23,https://www.dhmco.com/chevrolet-trucks/
29203,10284,32,https://www.butlermachinery.com/used-equipment/excavators/
29643,11154,31,https://www.usedworktrucksforsale.com/mail%20to:sales@usedworktrucksforsale.com
30444,11891,29,http://www.cstkcustomtrailers.com/equipment/
29195,10760,29,https://www.milamequipmentsales.com/equipment-inventory/excavators-wheel
30237,11679,29,https://www.ddsalestrailers.com/category/used-trailers/
32622,12123,31,http://www.foleyinc.com/construction/used/forestry-feller-bunchers-track/
30023,11476,22,https://www.misequipmentsales.com/equipment-type/asphalt-others/
30395,11839,29,http://www.burrfarms.com/index.php/used-equipment/cushion-tire-forklifts
30531,11981,32,https://www.postleasing.com/inventory-page/
33615,11317,32,https://www.bigtruckequipment.com/inventory/3/Street-Sweepers
34170,11739,31,https://lanoequip.com/inventory-results/?fwp_condition=used
28900,10560,32,https://www.cmw-equip.com/used-equipment/used-aggregate-equipment/used-aggregate-plants/
33532,10506,22,https://www.pittmantractor.com/store/c8/Skid_Steers.html
32925,11562,32,http://www.blanchardmachinery.com/equipment/used/hydraulic-excavators
30025,11476,22,https://www.misequipmentsales.com/equipment-type/crushers/
30088,11528,23,http://diamondrtrailers.com/Trailers.aspx?c_manu=Elite
28582,10326,32,https://www.countryblacksmithtrailers.com/store/pc/LIVESTOCK-TRAILERS-c143.htm
32963,12135,29,https://www.yanceybros.com/cat_used_equipments/forestry-skidder
30206,11639,31,https://www.goodrichtrailers.com/trailers/equipment/
29717,11201,31,http://www.rogerstrailers.com/divisions/mining-industry
32733,12127,31,https://www.miltoncat.com/machinery-equipment/used/telehandlers
33992,12218,32,https://www.stsbbx.com/equipment-sales/?cat=3&subcat=13
28541,10326,32,https://www.countryblacksmithtrailers.com/store/pc/CAR-EQUIPMENT-FLATBEDS-c141.htm
29821,11317,32,http://www.bigtruckequipment.com/inventory/9/Water-Trucks-&-Tankers
33984,12218,32,https://www.stsbbx.com/equipment-sales/?cat=2&subcat=5
29569,10816,29,http://brakkeimplement.com/Equipment/Used-Equipment.aspx
33329,12162,22,https://www.cashmanequipment.com/machines/used/skid-steer-loaders
33186,12157,29,http://www.wyomingcat.com/products/used/forklifts/internal-comb-forklifts
32956,12135,29,https://www.yanceybros.com/cat_used_equipments/mining-off-highway-truck
34674,12209,32,http://www.elderontruck.com/equipment-for-sale/?group=sweeper
29205,10760,29,https://www.milamequipmentsales.com/equipment-inventory/force-feed-loader
29943,11417,29,https://www.truckenterprises.com/collections/dump-trucks
30356,11792,31,https://www.vankeppel.com/equipment/forklift
29886,11374,29,http://www.keiters.com/category/find-equipment/tillage-equipment/
29879,11356,23,http://www.dwliftsales.com/inventory-categories/trucks/
29884,11374,29,http://www.keiters.com/category/find-equipment/find-equipment-find-equipment/
30587,12055,22,http://www.bbtrailers.com/used-trailers
33504,12242,22,https://www.fredricksoutdoor.com/yanmar
32710,12127,31,https://www.miltoncat.com/machinery-equipment/used/compact-track-multi-terrain
33926,12217,22,http://www.barrgo.com/equipment/dry-van-trailers-for-sale/
34652,12209,32,http://www.elderontruck.com/trailers-for-sale/?group=reefer-trailer
29940,11416,23,http://www.hainsworthfarms.com/lagoon-pumps.html
30145,12162,22,https://www.cashmanequipment.com/machines/used/other-products
33213,12157,29,http://www.wyomingcat.com/products/used/wheel-excavators
28570,10326,32,https://www.countryblacksmithtrailers.com/store/pc/DUMP-TRAILERS-c273.htm
29650,11154,31,https://www.usedworktrucksforsale.com/trucks-for-sale/?group=pickup-truck
28533,10326,32,http://www.countryblacksmithtrailers.com/store/pc/Horse-Trailers-c142.htm
30085,11528,23,http://diamondrtrailers.com/Trailers.aspx?c_manu=Delta
33980,12218,32,https://www.stsbbx.com/equipment-sales/?cat=2&subcat=1
30211,11639,31,https://www.goodrichtrailers.com/trailers?used=yes
30226,12055,29,https://www.coloradotrailersinc.com/inventory
29893,11377,29,https://www.agri-service.com/company-magazines
32617,12123,31,http://www.foleyinc.com/construction/used/cold-planers/
33503,12242,22,https://www.fredricksoutdoor.com/bad-boy-mowers
30024,11476,22,https://www.misequipmentsales.com/equipment-type/air-compressors/
29967,11427,32,http://www.hrgequipment.com/construction-equipment.php?cat=86
29923,11394,32,http://www.trigreentractor.com/Used-Equipment/Zero-Turn-Mowers.aspx
34581,12234,32,http://www.atkinsontrucksales.com/trucklist.php?type=Dump%20Trucks&make=Peterbilt
30227,11668,22,https://www.4riversequipment.com/4r-inventory/compact-construction-equipment/
28535,10326,32,https://www.countryblacksmithtrailers.com/store/pc/Used-Enclosed-Car-Cargo-Trailers-For-Sale-c241.htm
33127,12152,32,https://www.nmccat.com/used-equipment/track-loaders?fwp_categories=track-loaders
29456,10949,23,https://www.midwestmachineryco.com/equipment-inventory/
30416,11860,23,http://www.johnsonequipmentblackriverfalls.com/home.html?page=shop.browse&category_id=12
30004,11454,29,http://www.adelmans.com/trailers
30566,12033,31,http://www.castleandson.com/equipment/used-equipment/
34656,12209,32,http://www.elderontruck.com/equipment-for-sale/?group=air-compressor
30063,11506,22,https://www.rocksystems.com/washing-equipment
30185,11617,23,https://www.thetrailerplace.com/other-sport-and-recreation-trailers/
28918,10585,23,https://www.triplectrailersales.com/bodytype/horse-trailers/
29464,10968,29,http://www.valleyfreightlinertruck.com/used-trucks.aspx
29312,10857,31,https://www.circlemtrailers.com/used-trailers
34508,11576,22,https://www.hendershotequipment.com/product-category/on-the-lot/used-equipment/
29604,11108,32,https://www.freightlinernorthwest.com/truck-inventory/used-trucks
32727,12127,31,https://www.miltoncat.com/machinery-equipment/used/power-modules
29826,11317,32,http://www.bigtruckequipment.com/inventory/4/Dump-Trucks
30572,12036,22,https://www.applefarmservice.com/inventory
34588,12234,32,http://www.atkinsontrucksales.com/trucklist.php?type=Tractors&make=Sterling&make2=Ford
28977,10621,22,https://www.alm9.com/kaufman-trailers
28898,10560,32,https://www.cmw-equip.com/used-equipment/used-paving-equipment/used-paving-equipment-loaders/
33416,12167,29,https://www.quinncompany.com/used-equipment/trailers/
33619,11317,32,https://www.bigtruckequipment.com/inventory/6/Stake-&-Flatbed-Trucks
29756,11257,31,http://www.howelltractor.com/used-equipment/off-highway-trucks/
28985,10621,22,https://www.alm9.com/Horse-Trailers
32854,12133,23,https://www.gregorypoole.com/used-equipment/equipment/backhoe-loaders/
29187,10284,32,https://www.butlermachinery.com/used-equipment/telehandlers/
33085,12143,32,https://www.riggscat.com/used-products/motor-graders/
32726,12127,31,https://www.miltoncat.com/machinery-equipment/used/portable-generator-sets
30465,11911,22,https://www.trucksntools.com/machinery.html
33929,12217,22,http://www.barrgo.com/equipment/fuel-tank-trailers-for-sale/
29235,10785,29,https://www.kmhsystems.com/used-forklifts-lift-trucks/used-forklifts-electric-rider/
32927,11562,32,http://www.blanchardmachinery.com/equipment/used/knuckleboom-loader
28978,10621,22,https://www.alm9.com/featherlite-trailers
29641,11154,31,http://www.toptrucks.net/trailers-for-sale/
33920,12217,22,http://www.barrgo.com/equipment/chemical-tank-trailers-for-sale/
29207,10760,29,https://www.milamequipmentsales.com/equipment-inventory/crawler-loaders
32922,11562,32,http://www.blanchardmachinery.com/equipment/used/feller-buncher
33923,12217,22,http://www.barrgo.com/equipment/crude-oil-tank-trailers-for-sale/
29202,10760,29,https://www.milamequipmentsales.com/equipment-inventory/excavators-crawler
32856,12133,23,https://www.gregorypoole.com/used-equipment/equipment/cranes/
32935,11562,32,http://www.blanchardmachinery.com/equipment/used/track-loader
32628,12123,31,http://www.foleyinc.com/construction/used/motor-graders/
33234,12231,23,https://www.holtcat.com/products/used.aspx?fn=ViewListing&pfc=HAC
32875,12133,23,https://www.gregorypoole.com/used-equipment/equipment/telehandlers/
32718,12127,31,https://www.miltoncat.com/machinery-equipment/used/forwarders
28575,10326,32,https://www.countryblacksmithtrailers.com/store/pc/viewcategories.asp
32871,12133,23,https://www.gregorypoole.com/used-equipment/equipment/power-systems/
34673,12209,32,http://www.elderontruck.com/equipment-for-sale/?group=stump-grinder
34654,12209,32,http://www.elderontruck.com/trailers-for-sale/?group=tank-trailer
30266,11706,22,https://www.rtrservices.com/equipment.php?id=Misc+Equipment
34692,12209,32,http://www.elderontruck.com/attachments-for-sale/?group=tire
32859,12133,23,https://www.gregorypoole.com/used-equipment/equipment/excavators/
33424,12167,29,https://www.quinncompany.com/used-equipment/wheel-dozers/
28572,10326,32,https://www.countryblacksmithtrailers.com/store/pc/Bradford-Built-Pickup-Flatbeds-for-Trucks-for-Sale-c235.htm
33392,12167,29,https://www.quinncompany.com/used-equipment/off-highway-trucks/
37953,12030,22,http://www.gaeq.com/bucket-trucks
37951,12030,29,http://www.gaeq.com/other-equipment
30508,11960,22,http://traileze.com/trailers/paving/
29584,11086,29,http://hjvequip.com/category/all-used-equipment/used-application-equipment/used-floaters/
32761,12128,23,https://cartermachinery.com/machines/used/telehandlers
30449,11897,22,https://www.southernplainseq.com/listing-category/sale/excavators/
32747,12128,23,https://cartermachinery.com/machines/used/compactors
33031,12206,23,https://www.thompsontractor.com/machines/used/cold-planers
30310,11759,29,http://paindustrial.com/used-equipment/rough-terrain-equipment/
29361,10889,31,http://frenchvilletrailer.com/collections/dump-trailers
28920,10585,23,http://midcosales.com/
29961,11431,23,https://machinerytradeoff.com/inventory/forklift
29410,10918,32,https://tropictrailer.com/inventory/?fwp_type=beekeeping-equipment
34181,12358,29,https://fertilizerequipment.net/?page_id=14
29958,11431,23,https://machinerytradeoff.com/inventory
29586,11086,29,http://hjvequip.com/category/all-used-equipment/used-vegetable-irrigation-equipment/used-irrigation/
32750,12128,23,https://cartermachinery.com/machines/used/wheel-excavators
34544,12210,29,http://tuffmachinery.com/products/dozers/
30083,11519,29,http://lehighequips.com/category/portable-storage/
29362,10889,31,http://frenchvilletrailer.com/collections/all
29302,10843,23,http://nwmixerfeeders.com/inventory-overview/pre-owned-inventory/
33047,12206,23,https://www.thompsontractor.com/machines/used/air-compressor
29591,11086,29,http://hjvequip.com/category/all-used-equipment/used-vegetable-irrigation-equipment/used-harvesting/
34184,12358,29,https://fertilizerequipment.net/?page_id=17
32740,12128,23,https://cartermachinery.com/machines/used/articulated-trucks
28927,10585,23,http://midcosales.com/bodytype/tag-trailers/
33036,12206,23,https://www.thompsontractor.com/machines/used/wheel-loaders
29266,10816,23,http://riechmannbros.com/Equipment/Used-Equipment/Compact-Excavators.aspx
32765,12128,23,https://cartermachinery.com/machines/used/underground-mining
32758,12128,23,https://cartermachinery.com/machines/used/skid-steer-loaders
30048,11492,32,http://www.emeraldequipmentsystems.com/tracked-crushers/
33769,12240,31,http://riversidetrucksales.com/other-makes.aspx
29950,11427,32,http://www.hrgequipment.com/other.php
30384,11822,23,https://www.heartofdixieequipment.com/Inventory
30493,11952,31,https://www.oescoinc.com/equipment/equipment-specials.html
28925,10585,23,https://www.triplectrailersales.com/bodytype/stock-trailers/
28555,10326,32,https://www.countryblacksmithtrailers.com/store/pc/HORSE-TRAILERS-c142.htm
32679,12125,23,https://www.albancat.com/used/for-sale/track-type-loaders-crawlers/
33360,12167,29,https://www.quinncompany.com/used-equipment/asphalt-pavers/
33315,12161,22,https://wheelercat.com/used-equipment/air-compressors/
29751,11242,31,http://www.micoequipment.com/farm-tractors-for-Sale
33325,12162,22,https://www.cashmanequipment.com/machines/used/track-type-tractors
29937,11416,23,http://www.nornbergtrailer.com/enclosed-trailers.html
33935,12217,22,http://www.barrgo.com/equipment/pneumatic-trailers-for-sale/
28969,10621,22,https://www.alm9.com/Equipment-Trailers
32676,12125,23,https://www.albancat.com/used/for-sale/scrapers/
29119,10708,22,https://www.bowmantrucksales.com/inventory
30052,11492,32,http://www.emeraldequipmentsystems.com/compact-crushers-screeners/
30224,12055,29,https://www.coloradotrailersinc.com/used-trailers
30291,11739,31,https://www.lanoequip.com/excavators/
29583,11086,29,http://hjvequip.com/category/all-used-equipment/used-application-equipment/used-fertilizer-spreader-2/
34551,12210,29,http://tuffmachinery.com/products/skid-steers/
33291,12159,32,https://www.mustangcat.com/Products/Used-Caterpillar-Products/used-machinery/5/Dozers
29715,11201,31,http://www.rogerstrailers.com/series/custom
29184,10284,32,https://www.butlermachinery.com/used-equipment/wheel-loadersintegrated-toolcarriers/
29274,10823,23,http://www.spfreightliner.com/springfield-used-inventory.html
34662,12209,32,http://www.elderontruck.com/equipment-for-sale/?group=excavator
30605,12061,23,http://www.centraltruckcenter.com/features/cb-install-kit/
30653,12114,22,https://www.hceamericas.com/compact-excavators/
29669,11162,29,http://www.goldenwesttoweq.com/tow-trucks-for-sale/used-truck-bodies
30187,11617,23,https://www.thetrailerplace.com/atv-trailers/
28538,10326,32,https://www.countryblacksmithtrailers.com/store/pc/Gooseneck-Trailers-For-Sale-c254.htm
29619,12343,31,https://www.conquestequipment.net/rock-trucks
29317,10857,23,https://www.bigostrailers.com/inventory
29694,11197,23,https://www.shivelyhardware.com/massey-tractor-inventory/
30070,11506,22,https://www.rocksystems.com/cone-crushers
30115,11546,22,https://kdreq.com/all-equipment/
33534,10506,22,https://www.pittmantractor.com/store/c11/Wheel_Loaders.html
29936,11416,23,http://www.nornbergtrailer.com/store/c4/Equipment.html
29719,11201,31,http://www.rogerstrailers.com/series/fixed-gooseneck-trailers
30597,12061,32,http://wheelerauto.com/full-inventory
29204,10760,29,https://www.milamequipmentsales.com/equipment-inventory/off-highway-trucks
29877,11374,29,http://www.keiters.com/category/find-equipment/wagons/
30231,11679,29,https://www.ddsalestrailers.com/category/farm-equipment/
30411,11851,29,https://housby.com/servlet/Search.do?auctionId=22719&categoryName=GARBAGE+PACKER
30192,11630,32,https://www.trailersplus.com/California/Lakeside/inventory/snow
28569,10326,32,https://www.countryblacksmithtrailers.com/store/pc/WEDGE-CAR-TRAILERS-c137.htm
30121,11549,31,http://www.mfeag.com/browse-used-equipment/Combine/all-makes/all-models/
30645,12104,31,https://www.plowandtrencher.com/equipment-available
33080,12143,32,https://www.riggscat.com/used-products/articulated-trucks/
32943,12135,29,https://www.yanceybros.com/cat_used_equipments/telehandler
30604,12068,23,http://www.monarchtruck.com/sales/vehicles?condition=Used
29278,10823,23,http://www.columbiafreightliner.com/columbia-freightliner-inventory.html
33128,12152,32,https://www.nmccat.com/used-equipment/track-type-tractors?fwp_categories=track-type-tractors
30149,11568,23,http://willstrailers.com/inventory/
32881,12133,23,https://www.gregorypoole.com/used-equipment/equipment/wheel-dozers/
30030,11486,31,http://www.equipmentlocator.com/asp/browse/loc/na-en/con/4/industry/trk/type/319/make/viewall/model/viewall/
30263,11706,22,https://www.rtrservices.com/equipment.php?id=Trucks+-+Semi
28984,10621,22,https://www.alm9.com/Stock-Trailers
29809,11298,32,http://www.quality-trucks-for-sale.com/inventory/6/straight-misc-trucks-for-sale
30555,12007,32,http://aandhequipment.com/for-sale/trucks/
29623,12343,31,https://www.conquestequipment.net/dozers
29907,11374,29,http://www.keiters.com/category/salvage-combines/
29814,11298,31,http://www.ellenbaumtrucksales.com/inventory/6/straight-misc-trucks-for-sale
33919,12217,22,http://www.barrgo.com/equipment/box-trucks-for-sale/
30600,12066,22,http://www.cochranfarmsupply.com/ConstructionEquipment
29903,11377,29,https://www.agri-service.com/application-equipment
33983,12218,32,https://www.stsbbx.com/equipment-sales/?cat=2&subcat=4
29181,10284,32,https://www.butlermachinery.com/used-equipment/articulated-trucks/
33380,12167,29,https://www.quinncompany.com/used-equipment/industrial-obss/
32965,12135,29,https://www.yanceybros.com/cat_used_equipments/track-loaders
33616,11317,32,https://www.bigtruckequipment.com/inventory/5/Drills-and-Diggers
34675,12209,32,http://www.elderontruck.com/equipment-for-sale/?group=trencher
28354,10239,32,https://www.warrencat.com/rental-equipment/allied-equipment/dump-trucks/
29212,10783,31,https://steenent.com/used-equipment/used-mowers/
28327,10217,31,https://www.clevelandbrothers.com/used-equipment/equipment/others/
29885,11374,29,http://www.keiters.com/category/find-equipment/hay-forage/
28971,10621,22,https://www.alm9.com/Gooseneck-Flatbed-Trailers
30086,11528,23,http://diamondrtrailers.com/Trailers.aspx?c_liv=Yes
32959,12135,29,https://www.yanceybros.com/cat_used_equipments/mining-wheel-loader
30648,12104,31,https://www.plowandtrencher.com/equipment-available/used
29193,10760,29,https://www.milamequipmentsales.com/equipment-inventory/skid-steers
29890,11374,29,http://www.keiters.com/category/find-equipment/other-equipment/
32946,12135,29,https://www.yanceybros.com/cat_used_equipments/miscellaneous-other-equipment
29179,10284,32,https://www.butlermachinery.com/used-equipment/track-type-tractors/
33502,12242,22,https://www.fredricksoutdoor.com/eqtrailers
29253,10802,31,https://industrial.medleycompany.com/equipment-inventory/?filter_condition=used
32926,11562,32,http://www.blanchardmachinery.com/equipment/used/industrial-loader
29951,11427,32,http://www.hrgequipment.com/construction-equipment.php?cat=69
33317,12162,22,https://www.cashmanequipment.com/machines/used/wheel-loaders
29364,10889,22,http://shop-vestiary.myshopify.com/collections/all
28316,10217,31,https://www.clevelandbrothers.com/used-equipment/equipment/mining-equipment/
30053,11492,32,http://www.emeraldequipmentsystems.com/washing-equipment/
33208,12157,29,http://www.wyomingcat.com/products/used/road-reclaimers
34582,12234,32,http://www.atkinsontrucksales.com/trucklist.php?type=Dump%20Trucks&make=Mack
32660,12124,31,https://www.clevelandbrothers.com/used-equipment/equipment/water-pumps/
30445,11891,29,http://www.cstkcustomtrailers.com/current-inventory/used-trailers/
28939,10587,22,https://www.lancasterfarminglocator.com/construction/compactors.html
32921,11562,32,http://www.blanchardmachinery.com/equipment/used/Excavators
30540,11996,32,http://www.vacuumsalesinc.com/stock-equipment
32866,12133,23,https://www.gregorypoole.com/used-equipment/equipment/off-highway-trucks/
28973,10621,22,https://www.alm9.com/haulmark-trailers
29215,10760,29,https://www.milamequipmentsales.com/equipment-inventory/compactors-double-drum
30223,12055,29,https://www.coloradotrailersinc.com/trailers-off-road
28849,10479,29,http://lebergeandcurtis.com/Equipment/Used-Equipment/Equipment-Search.aspx
34649,12209,32,http://www.elderontruck.com/trailers-for-sale/?group=gooseneck-trailer
30264,11706,22,https://www.rtrservices.com/equipment.php?id=Trailers
32869,12133,23,https://www.gregorypoole.com/used-equipment/equipment/paving-products/
29931,11398,22,https://www.hoober.com/usedequipment/Simple_Inventory.aspx?framed=2
30049,11492,32,http://www.emeraldequipmentsystems.com/recycling-equipment/
28909,10560,32,https://www.cmw-equip.com/used-equipment/used-paving-equipment/used-paving-equipment-screeds/
33126,12152,32,https://www.nmccat.com/used-equipment/track-excavators?fwp_categories=track-excavators
33423,12167,29,https://www.quinncompany.com/used-equipment/water-wagons/
30000,11454,29,http://www.adelmans.com/tanker-trucks
30144,11574,29,https://candhtruck.com/trucks/used-semi-trailers-for-sale
29653,11154,31,https://www.usedworktrucksforsale.com/trucks-for-sale/?group=flatbed-truck
29740,11236,32,https://www.carrollequipment.com/excavator-crushers
32916,11562,32,http://www.blanchardmachinery.com/equipment/used/backhoe-loaders
30548,12001,29,http://browtrucks.com/inventory-stepvans-for-sale/
34659,12209,32,http://www.elderontruck.com/equipment-for-sale/?group=chipper
34009,12218,32,https://www.stsbbx.com/equipment-sales/?cat=6&subcat=48
30272,11706,22,https://www.rtrservices.com/equipment.php?id=Trucks+-+Other
29190,10760,29,https://www.milamequipmentsales.com/equipment-inventory/compactors-single-drum
28968,10621,22,https://www.alm9.com/carry-on-trailers
29754,11242,31,http://www.micoequipment.com/wheel-loaders-for-sale
32716,12127,31,https://www.miltoncat.com/machinery-equipment/used/feller-bunchers
30440,11891,29,http://www.cstkcustomtrailers.com/current-inventory/
29231,10785,29,https://www.kmhsystems.com/used-forklifts-lift-trucks/used-forklifts-cushion-tire/
30520,11966,31,https://graddysequipment.com/equipmentforsalerent.php
32962,12135,29,https://www.yanceybros.com/cat_used_equipments/on-highway-trucks
29900,11377,29,https://www.agri-service.com/terragator
29175,10284,32,https://www.butlermachinery.com/used-equipment/off-highway-trucks-used/
29283,10823,23,http://www.columbiafreightliner.com/columbia-isuzu-inventory.html
33286,12159,32,http://www.MustangCat.com/Products/Used-Caterpillar-Products/used-machinery/1/Articulated-Trucks
32966,12135,29,https://www.yanceybros.com/cat_used_equipments/track-excavators
28840,12345,32,http://www.orlandofreightliner.com/inventory.aspx
33531,10506,22,https://www.pittmantractor.com/store/c15/Dump_Trucks.html
29898,11377,29,https://www.agri-service.com/tillage-equipment
34510,11984,31,https://www.i10equipment.com/Catalog/Tanks
29876,11356,23,http://www.dwliftsales.com/inventory/
33206,12157,29,http://www.wyomingcat.com/products/used/pipelayers
33130,12152,32,https://www.nmccat.com/used-equipment/wheel-excavators?fwp_categories=wheel-excavators
29014,2375,22,https://whitestarmachinery.com/inventory/
30005,11454,29,http://www.adelmans.com/military-trucks
34665,12209,32,http://www.elderontruck.com/equipment-for-sale/?group=lift-equipment
33996,12218,32,https://www.stsbbx.com/equipment-sales/?cat=4&subcat=56
32645,12123,31,http://www.foleyinc.com/construction/used/vibratory-double-drum-asphalt/
33538,10506,22,https://www.pittmantractor.com/store/c14/Scrapers.html
30550,2375,23,http://jdequipmentcorp.com/inventory/
30593,12047,32,http://www.adamsequipment.com/displayCategory.php?cat=CrawlerLoaders
30316,11775,23,http://www.revtruck.com/inventory
30003,11454,29,http://www.adelmans.com/all-wheel-drive
29199,10760,29,https://www.milamequipmentsales.com/equipment-inventory/forestry-equipment
28548,10326,32,https://www.countryblacksmithtrailers.com/store/pc/Wedge-Car-Trailers-c137.htm
32964,12135,29,https://www.yanceybros.com/cat_used_equipments/mining-track-type-tractor
33426,12167,29,https://www.quinncompany.com/used-equipment/wheel-loaders/
32709,12127,31,https://www.miltoncat.com/machinery-equipment/used/backhoe-loaders
28571,10326,32,https://www.countryblacksmithtrailers.com/store/pc/Used-Utility-Trailers-For-Sale-c228.htm
32874,12133,23,https://www.gregorypoole.com/used-equipment/equipment/skid-steer-loaders/
30002,11454,29,http://www.adelmans.com/specialty-trucks
32724,12127,31,https://www.miltoncat.com/machinery-equipment/used/motor-graders
33191,12157,29,http://www.wyomingcat.com/products/used/compact-track-loaders
33371,12167,29,https://www.quinncompany.com/used-equipment/excavators/
33623,11317,32,https://www.bigtruckequipment.com/inventory/37/Forklifts
32960,12135,29,https://www.yanceybros.com/cat_used_equipments/multi-terrain-loaders
29984,11447,32,https://www.aerialliftequipment.com/fork-lifts-for-sale
33620,11317,32,https://www.bigtruckequipment.com/inventory/26/Reel-Trailers
32949,12135,29,https://www.yanceybros.com/cat_used_equipments/skid-steer-loaders
34690,12209,32,http://www.elderontruck.com/attachments-for-sale/?group=snow-plow
33418,12167,29,https://www.quinncompany.com/used-equipment/vibratory-double-drum-asphalts/
29822,11317,32,http://www.bigtruckequipment.com/inventory/1/Crane-Trucks
33375,12167,29,https://www.quinncompany.com/used-equipment/forwarders/
33394,12167,29,https://www.quinncompany.com/used-equipment/others/
32705,12127,31,https://www.miltoncat.com/machinery-equipment/used/ag-tractors
34664,12209,32,http://www.elderontruck.com/equipment-for-sale/?group=forklift
32853,12133,23,https://www.gregorypoole.com/used-equipment/equipment/articulated-trucks/
28553,10326,32,https://www.countryblacksmithtrailers.com/store/pc/MOTORCYCLE-TRAILERS-c145.htm
28556,10326,32,https://www.countryblacksmithtrailers.com/store/pc/Hotshot-Trailers-for-sale-in-IL-c232.htm
32638,12123,31,http://www.foleyinc.com/construction/used-equipment/rental-rollout-equipment/
33393,12167,29,https://www.quinncompany.com/used-equipment/on-highway-trucks/
33391,12167,29,https://www.quinncompany.com/used-equipment/multi-terrain-loaders/
34630,12209,32,http://www.elderontruck.com/trucks-for-sale/?group=crane-truck
32629,12123,31,http://www.foleyinc.com/construction/used/multi-terrain-loaders/
32640,12123,31,http://www.foleyinc.com/construction/used/excavators/
37952,12030,22,http://www.gaeq.com/chip-trucks
34178,10629,29,https://kcbobcat.com/inventory/?condition=used&sort_order=date_low
29269,10816,23,http://riechmannbros.com/Equipment/Used-Equipment/Compact-Track-Loaders.aspx
29411,10918,32,https://tropictrailer.com/inventory/?fwp_classification=horse-trailer
29640,10843,32,http://lairdmanufacturing.com/used-equipment/feedmixer-wagon/
34031,12236,31,https://tristaraerial.com/equipment/used-scissor-lifts/
30453,11897,22,https://www.southernplainseq.com/listing-category/sale/dozers/
30451,11897,22,https://www.southernplainseq.com/listing-category/rent/dozers-rent/
34532,11897,22,https://www.southernplainseq.com/listing-category/sale/rock-saws/
33033,12206,23,https://thompsontractor.com/machines/used/dozers
29363,10889,31,http://frenchvilletrailer.com/collections/equipment-trailers
30299,11751,23,https://bambauerequipment.com/category/agitation-transfer-pumps/lagoon-pumps/
34534,11897,22,https://www.southernplainseq.com/listing-category/sale/wheel-loaders/
32753,12128,23,https://cartermachinery.com/machines/used/knuckleboom-loaders
28930,10585,23,http://midcosales.com/bodytype/equipment-flatbed-trailers/
33313,12161,22,https://wheelercat.com/used-equipment/aggregates/
33052,12206,23,https://www.thompsontractor.com/machines/used/road-reclaimers
29228,10783,31,https://steenent.com/used-equipment/used-tractors/
30289,11739,31,https://lanoequip.com/inventory-results/?fwp_condition=used&fwp_paged=2
29264,10816,23,http://riechmannbros.com/Equipment/Used-Equipment/Miscellaneous-Ag.aspx
32754,12128,23,https://cartermachinery.com/machines/used/misc-equiment
33043,12206,23,https://www.thompsontractor.com/machines/used/skidders
29365,10889,31,http://frenchvilletrailer.com/collections/pre-owned
29416,10918,32,https://tropictrailer.com/inventory/
34036,12236,31,https://tristaraerial.com/equipment/used-warehouse-forklifts/
32741,12128,23,https://cartermachinery.com/machines/used/asphalt-pavers
34032,12236,31,https://tristaraerial.com/equipment/used-telehandler/
28926,10585,23,http://midcosales.com/bodytype/roll-off-trailers/
30270,11720,31,http://westlietruckcenters.com/sales---minot/inventory---minot/used-trailers---minot/
29996,10816,31,http://erbequipment.com/Used-Equipment/Equipment/Backhoe-Loaders.aspx
32748,12128,23,https://cartermachinery.com/machines/used/dozers
30081,11519,29,http://lehighequips.com/category/tube-trailers/
29288,10834,31,https://chartertrucks.com/listing-category/other-equipment/equipment/
29286,10834,31,https://chartertrucks.com/listing-category/trucks/
34034,12236,31,https://tristaraerial.com/equipment/other-used-equipment/
30393,11839,29,http://www.burrfarms.com/index.php/used-equipment/pneumatic-tire-forklifts
30364,11798,22,https://www.greenlineva.com/store/category/Agricultural-Tillage_Equipment
29613,12343,31,https://www.conquestequipment.net/compactors
34033,12236,31,https://tristaraerial.com/equipment/used-boom-lifts/
28284,10205,31,http://www.maxeyco.com/trailer/auto-hauler-trailers/
29390,2372,31,https://www.vistotrailers.com/utility-trailers
30375,11818,32,http://www.stanneconsignmentauction.net/hikashop-menu-for-module-123/category/35-other-equipment
30110,11546,22,https://kdreq.com/category/used-equipment/
30383,11821,31,http://www.pbradleyonline.com/Used_Equipment.aspx
29282,10823,23,http://www.columbiafreightliner.com/columbia-used-inventory.html
28905,10560,32,https://www.cmw-equip.com/used-equipment/used-readymix-equipment/used-readymix-silos/
34547,12210,29,http://tuffmachinery.com/products/motor-graders/
28816,10446,23,https://www.dhmco.com/lakota-stock-trailers/
32714,12127,31,https://www.miltoncat.com/machinery-equipment/used/delimbers
32953,12135,29,https://www.yanceybros.com/cat_used_equipments/compactors
29933,11398,22,https://www.hoober.com/usedequipment/Simple_Inventory.aspx?category=PLA&framed=2
33251,12231,23,https://www.holtcat.com/products/used.aspx?fn=ViewListing&pfc=AT
30188,11617,23,https://www.thetrailerplace.com/used-horse-trailer/
33290,12159,32,http://www.MustangCat.com/Products/Used-Caterpillar-Products/used-machinery/6/Excavators
29828,11328,22,https://www.abcequipment.com/equipment.asp?action=category&category=68
33283,12231,23,https://www.holtcat.com/products/used.aspx?fn=ViewListing&pfc=MTL
29737,11228,29,http://midwaytrailersales.com/CargoTrailers.aspx?ct_city=Litchfield&ct_type=Dump&ct_type=Equipment&ct_type=Car+Hauler&ct_type=Flatbed&ct_type=Motorcycle&ct_type=Open+Utility
32915,12205,32,http://www.blanchardmachinery.com/equipment/used/asphalt-paver
33037,12206,23,https://thompsontractor.com/machines/used/compact-track-multi-terrain
34683,12209,32,http://www.elderontruck.com/equipment-for-sale/
29833,11328,22,https://www.abcequipment.com/equipment.asp?action=category&category=129
29307,10843,23,http://nwmixerfeeders.com/inventory-overview/pre-owned-inventory/pre-owned-mixers/
28578,10326,32,https://www.countryblacksmithtrailers.com/store/pc/Used-Pickup-Flatbeds-For-Sale-c244.htm
30194,11630,32,https://www.trailersplus.com/California/Lakeside/inventory/dump
30420,11860,23,http://www.johnsonequipmentblackriverfalls.com/home.html?page=shop.browse&category_id=13
33239,12231,23,https://www.holtcat.com/products/used.aspx?fn=ViewListing&pfc=AGT
32632,12123,31,http://www.foleyinc.com/construction/used/paving-products/
29360,10889,31,http://frenchvilletrailer.com/collections/frenchville-trailer-sales
33288,12159,32,https://www.mustangcat.com/Products/Used-Caterpillar-Products/used-machinery/1/Articulated-Trucks
34186,12358,29,https://fertilizerequipment.net/?page_id=18
33405,12167,29,https://www.quinncompany.com/used-equipment/skidders/
33563,12238,22,https://www.intechequipment.com/store/c-31-used-trucks.aspx
32917,12205,32,http://www.blanchardmachinery.com/equipment/used/buckets
29568,10816,22,https://arends-awe.com/Equipment/Used-Equipment.aspx
30355,11792,31,https://www.vankeppel.com/equipment/aggregate
34046,12233,29,http://www.codyjamesusedequipment.com/product-category/skid-steer-loader-crawler/
32616,12123,31,http://www.foleyinc.com/construction/used/backhoe-loaders/
28567,10326,32,https://www.countryblacksmithtrailers.com/store/pc/Motorcycle-Trailers-c145.htm
29618,12343,31,https://www.conquestequipment.net/excavators
30119,11549,31,http://www.mfeag.com/browse-used-equipment/all-types/all-makes/all-models/
30050,11492,32,http://www.emeraldequipmentsystems.com/modular-crushers-screeners/
29177,10284,32,https://www.butlermachinery.com/used-equipment/backhoe-loaders/
29492,10993,29,http://www.phillipsequipmentcorp.com/Equipment/UsedEquipment/Miscellaneous-Ag-Attachments.aspx
32940,12135,29,https://www.yanceybros.com/cat_used_equipments/forestry-feller-bunchers-track
32913,12205,32,http://www.blanchardmachinery.com/equipment/used/ag-tractors
30602,12068,23,http://www.monarchtruck.com/sales
32736,12127,31,https://www.miltoncat.com/machinery-equipment/used/used-work-tools
33767,12240,31,http://riversidetrucksales.com/trailers.aspx
29644,11154,31,https://www.usedworktrucksforsale.com/trucks-for-sale/?group=stake-body-truck
33122,12152,32,https://www.nmccat.com/used-equipment/skid-steer-loaders?fwp_categories=skid-steer-loaders
32867,12133,23,https://www.gregorypoole.com/used-equipment/equipment/on-highway-trucks/
33271,12231,23,https://www.holtcat.com/products/used.aspx?fn=ViewListing&pfc=LTWR
28975,10621,22,https://www.alm9.com/pj-trailers
30579,12046,29,http://www.krrauch.com/trailers-for-sale/view-by-model/foreman/
30624,12367,22,http://langdonimp.com/Equipment/Used-Equipment/Equipment-Search.aspx?page=1&categoryfilter=Lawn+%26+Garden+Tractors&Page=1&manufacturerfilter=Manufacturer(ALL)&locationfilter=Location(ALL)&sortkey=bWFudWZhY3R1cmVyIEFTQw%3d%3d
30290,11739,31,https://www.lanoequip.com/trailers/
30351,11788,31,http://www.raadams.com/search-inventory/snow-equipment
29612,11108,32,https://www.freightlinernorthwest.com/truck-inventory/used-cascadia-trucks
28580,10326,32,http://www.countryblacksmithtrailers.com/store/pc/viewCategories.asp
33979,12218,32,https://www.stsbbx.com/equipment-sales/?cat=1&subcat=35
33319,12162,22,https://www.cashmanequipment.com/machines/used/backhoe-loaders
30509,11960,22,http://traileze.com/trailers/construction
33526,10506,22,https://www.pittmantractor.com/store/c3/Compactors.html
32737,12127,31,https://www.miltoncat.com/machinery-equipment/used/wheel-excavators
29932,11398,22,https://www.hoober.com/usedequipment/Simple_Inventory.aspx?construction=1
29764,11257,31,http://www.howelltractor.com/used-equipment/loaders/wheel-loaders-full-size/
33120,12152,32,https://www.nmccat.com/used-equipment/multi-terrain-loaders?fwp_categories=multi-terrain-loaders
28972,10621,22,https://www.alm9.com/wells-cargo-trailers
29388,2372,31,https://www.vistotrailers.com/dump-trailers
33933,12217,22,http://www.barrgo.com/equipment/lowboy-trailers-for-sale/
28847,10479,31,http://fivepointsimp.com/Equipment/Used-Equipment/Equipment-Search.aspx
29662,11162,29,http://www.goldenwesttoweq.com/tow-trucks-for-sale/used-car-carriers
28904,10560,32,https://www.cmw-equip.com/used-equipment/used-paving-equipment/used-paving-equipment-compressors/
34546,12210,29,http://tuffmachinery.com/products/mini-excavators/
28839,10479,23,http://toddtractor.com/Used-Equipment/Equipment-Search.aspx
28974,10621,22,https://www.alm9.com/Dump-Trailers
30471,11913,29,http://laufequipment.com/equipment/
32725,12127,31,https://www.miltoncat.com/machinery-equipment/used/on-highway-trucks
29622,12343,31,https://www.conquestequipment.net/agricultural
33995,12218,32,https://www.stsbbx.com/equipment-sales/?cat=4&subcat=55
28561,10326,32,https://www.countryblacksmithtrailers.com/store/pc/Used-Wedge-Car-Trailers-For-Sale-c246.htm
30065,11506,22,https://www.rocksystems.com/more-equipment
32934,12205,32,http://www.blanchardmachinery.com/equipment/used/Telehandlers
30032,11476,22,https://www.misequipmentsales.com/equipment-type/wheel-loaders/
33937,12217,22,http://www.barrgo.com/equipment/sanitary-tank-trailers-for-sale/
32851,12133,23,https://www.gregorypoole.com/used-equipment/equipment/agricultural-products/
33261,12231,23,https://www.holtcat.com/products/used.aspx?fn=ViewListing&pfc=CP
29394,2372,31,https://www.vistotrailers.com/truck-beds
33082,12143,32,https://www.riggscat.com/used-products/compactors/
28986,10621,22,https://www.alm9.com/Landscape-Trailers
28564,10326,32,https://www.countryblacksmithtrailers.com/store/pc/Used-Livestock-Trailers-For-Sale-c238.htm
33221,12231,23,https://www.holtcat.com/products/used.aspx?fn=ViewListing&pfc=MWL
29389,2372,31,https://www.vistotrailers.com/gooseneck-trailers
30117,12340,31,https://www.truckworx.com/inventory_trailer.aspx
28830,12345,32,http://www.polkfreightliner.com/inventory.aspx
30265,11706,22,https://www.rtrservices.com/equipment.php?id=Construction
29188,10284,32,https://www.butlermachinery.com/used-equipment/planting-equipment/
33372,12167,29,https://www.quinncompany.com/used-equipment/feller-bunchers/
30361,11798,22,https://www.greenlineva.com/store/category/Agricultural-Hay_Equipment
29455,10949,23,https://www.midwestmachineryco.com/equipment-inventory/?category=Skid+Steer+Loaders&_wpnonce=534c5d0541
33537,10506,22,https://www.pittmantractor.com/store/c13/Water_Truck.html
28540,10326,32,https://www.countryblacksmithtrailers.com/store/pc/ENCLOSED-CARGO-TRAILERS-c136.htm
28565,10326,32,http://www.countryblacksmithtrailers.com/store/pc/Livestock-Trailers-c143.htm
29955,11417,29,https://www.truckenterprises.com/collections/maryland-inventory
30060,11492,32,http://www.emeraldequipmentsystems.com/aggregate-conveyors/
32706,12127,31,https://www.miltoncat.com/machinery-equipment/used/air-compressors
30484,11038,29,http://www.jaspertrucks.com/inventory.aspx?breakout=straight_trucks
33621,11317,32,https://www.bigtruckequipment.com/inventory/24/Excavators
32932,12205,32,http://www.blanchardmachinery.com/equipment/used/skid-steer
32667,12125,23,https://www.albancat.com/used/for-sale/excavators/
30472,11918,23,http://www.firstfleettrucksales.com/bucket.html
29209,10760,29,https://www.milamequipmentsales.com/equipment-inventory/forklifts
28532,10326,32,https://www.countryblacksmithtrailers.com/store/pc/Horse-Trailers-c142.htm
29824,11317,32,http://www.bigtruckequipment.com/inventory
30632,12096,29,http://www.myersimplement.com/used/listings.php?category=Other
28579,10326,32,http://www.countryblacksmithtrailers.com/store/pc/Enclosed-Cargo-Trailers-c136.htm
29716,11201,31,http://www.rogerstrailers.com/series/cobraneck-trailers
29642,11154,31,http://www.toptrucks.net/construction-equipment-for-sale/
33334,12162,22,https://www.cashmanequipment.com/machines/used/excavators
30358,11792,31,https://www.vankeppel.com/equipment
30205,11639,31,https://www.goodrichtrailers.com/trailers/?used=yes
29946,11417,29,https://www.truckenterprises.com/collections/used-vehicles/make_volvo
30655,12114,22,https://www.hceamericas.com/crawler-excavators/
34322,12257,31,http://www.amtractor.com/category/used-equipment/
29571,10816,22,http://www.farmers-supply.com/Equipment/Used-Inventory.aspx
32955,12135,29,https://www.yanceybros.com/cat_used_equipments/forestry-excavator
30413,11851,29,https://housby.com/servlet/Search.do?auctionId=22719&categoryName=EQUIPMENT+TRAILER
33281,12231,23,https://www.holtcat.com/products/used.aspx?fn=ViewListing&pfc=BL
33413,12167,29,https://www.quinncompany.com/used-equipment/track-loaders/
29891,11374,29,http://www.keiters.com/category/find-equipment/combines/
29806,11298,32,http://www.quality-trucks-for-sale.com/inventory/11/tandem-van-trucks
28957,10587,22,https://www.lancasterfarminglocator.com/vehicles/fire-trucks.html
34585,12234,32,http://www.atkinsontrucksales.com/trucklist.php?type=Tractors&make=Freightliner
29316,10857,31,https://www.millertrailersales.com/livestock-horse-trailers
33292,12159,32,http://www.MustangCat.com/Products/Used-Caterpillar-Products/used-machinery/9/Skid-Steer-Loaders
30225,12055,29,https://www.coloradotrailersinc.com/trailers-cargo
33231,12231,23,https://www.holtcat.com/products/used.aspx?fn=ViewListing&pfc=MG
29949,11417,29,https://www.truckenterprises.com/collections/frontpage
33337,12164,31,https://www.hawthornecat.com/used/san-diego/all
30198,11626,23,https://www.vatt.com/inventory-t
34110,12237,32,https://reiserimpl.com/used-eqipment/
28321,10217,31,https://www.clevelandbrothers.com/rental-equipment/machines/compact-track-and-multi-terrain-loaders/
28932,10585,22,http://murphytrailer.com/search-results/?alllistings=true#headeranchor
29309,10857,31,https://www.millertrailersales.com/inventory
29185,10284,32,https://www.butlermachinery.com/used-equipment/skid-steer-loaders/
28921,10585,23,https://www.triplectrailersales.com/modelyear/used/
32882,12152,23,https://www.gregorypoole.com/used-equipment/equipment/wheel-loaders/
30406,11842,23,http://www.fairchildequipment.com/used/used-forklifts-for-sale
33264,12231,23,https://www.holtcat.com/products/used.aspx?fn=ViewListing&pfc=OHT
32723,12127,31,https://www.miltoncat.com/machinery-equipment/used/material-handlers
30235,11679,29,https://www.ddsalestrailers.com/category/used-tractors/
30461,11911,22,https://www.trucksntools.com/equipment.html
30426,12059,23,http://www.empireag.com/used-equipment/
32680,12125,23,https://www.albancat.com/used/for-sale/track-type-tractors-dozers/
29899,11377,29,https://www.agri-service.com/challenger
29755,11242,31,http://www.micoequipment.com/wheel-excavators-for-sale
33254,12231,23,https://www.holtcat.com/products/used.aspx?fn=ViewListing&pfc=TIL
29712,11201,31,http://www.rogerstrailers.com/trailers/trailer-use/electric-transformer
30068,11506,22,https://www.rocksystems.com/magnets-metal-detectors
33978,12218,32,https://www.stsbbx.com/equipment-sales/?cat=1&subcat=34
34580,12234,32,http://www.atkinsontrucksales.com/trucklist.php?type=Dump%20Trucks&make=Kenworth
33185,12157,29,http://www.wyomingcat.com/products/used/forklifts/electric-forklifts
29819,11317,32,http://www.bigtruckequipment.com/inventory/5/Drills-and-Diggers
32936,12205,32,http://www.blanchardmachinery.com/equipment/used/track-type-tractor
33280,12231,23,https://www.holtcat.com/products/used.aspx?fn=ViewListing&pfc=CRNE
32957,12135,29,https://www.yanceybros.com/cat_used_equipments/backhoe-loaders
34667,12209,32,http://www.elderontruck.com/equipment-for-sale/?group=loader
32728,12127,31,https://www.miltoncat.com/machinery-equipment/used/screens
33404,12167,29,https://www.quinncompany.com/used-equipment/skid-steer-loaders/
28566,10326,32,https://www.countryblacksmithtrailers.com/store/pc/Used-Horse-Trailers-For-Sale-c245.htm
32941,12135,29,https://www.yanceybros.com/cat_used_equipments/forestry-feller-bunchers
34668,12209,32,http://www.elderontruck.com/equipment-for-sale/?group=motor-grader
33273,12231,23,https://www.holtcat.com/products/used.aspx?fn=ViewListing&pfc=PTC
28792,10446,23,https://www.dhmco.com/southern-horse-trailers/
29827,11317,32,http://www.bigtruckequipment.com/inventory/6/Stake-&-Flatbed-Trucks
32707,12127,31,https://www.miltoncat.com/machinery-equipment/used/articulated-trucks
32958,12135,29,https://www.yanceybros.com/cat_used_equipments/articulated-trucks
34685,12209,32,http://www.elderontruck.com/attachments-for-sale/?group=grapple
32947,12135,29,https://www.yanceybros.com/cat_used_equipments/ag-tractors
33260,12231,23,https://www.holtcat.com/products/used.aspx?fn=ViewListing&pfc=ASPV
33397,12167,29,https://www.quinncompany.com/used-equipment/pneumatic-tired-compactors/
34663,12209,32,http://www.elderontruck.com/equipment-for-sale/?group=farm-tractor
28333,10217,31,https://www.clevelandbrothers.com/used-equipment/equipment/forklifts/
32621,12123,31,http://www.foleyinc.com/construction/used/forest-products/
32855,12133,23,https://www.gregorypoole.com/used-equipment/equipment/compactors/
33278,12231,23,https://www.holtcat.com/products/used.aspx?fn=ViewListing&pfc=RDBM
32720,12127,31,https://www.miltoncat.com/machinery-equipment/used/landfill-and-utility-compactors
32722,12127,31,https://www.miltoncat.com/machinery-equipment/used/log-loaders
33382,12167,29,https://www.quinncompany.com/used-equipment/knuckleboom-loaders/
33420,12167,29,https://www.quinncompany.com/used-equipment/vibratory-single-drum-smooths/
28810,10446,23,https://www.dhmco.com/jamco-horse-trailers/
29358,10889,31,http://frenchvilletrailer.com/collections/cross-trailers
29285,10834,31,https://chartertrucks.com/listing-category/trailers/
29437,10936,31,http://apexequipment.com/garbage-trucks-for-sale/
29963,11431,23,https://machinerytradeoff.com/inventory/sweeper
29210,10783,31,https://steenent.com/used-equipment/used-construction-equipment/
30303,11751,23,https://bambauerequipment.com/category/used-inventory/
29359,10889,31,http://frenchvilletrailer.com/collections/livestock-trailers
34185,12358,29,https://fertilizerequipment.net/?page_id=1536
32755,12128,23,https://cartermachinery.com/machines/used/motor-graders
32764,12128,23,https://cartermachinery.com/machines/used/equipment-trailers
29446,10936,31,http://apexequipment.com/garbage-bodies-for-sale/
29444,10936,31,http://apexequipment.com/roll-off-trailers-for-sale/
30273,11720,31,http://westlietruckcenters.com/sales---minot/inventory---minot/used-trucks---minot/
32762,12128,23,https://cartermachinery.com/machines/used/temperature-control
29423,10918,32,https://tropictrailer.com/inventory/?fwp_type=landscape
30618,12084,23,http://hollistontruck.com/us_portfolio_category/storage-boxes/
30297,11751,23,https://bambauerequipment.com/category/agitation-transfer-pumps/lagoon-crawler/
30288,11739,31,https://www.lanoequip.com/bobcat/excavators/
28931,10585,23,http://midcosales.com/manufacturer/vantage-end-dump-trailers/
32751,12128,23,https://cartermachinery.com/machines/used/feller-bunchers
32739,12128,23,https://cartermachinery.com/machines/used/air-conditioning-units
28981,10621,22,https://www.alm9.com/cm-trailers
29315,10857,23,https://www.thomasamerican.com/used-trailers
33289,12159,32,http://www.MustangCat.com/Products/Used-Caterpillar-Products/used-machinery/5/Dozers
29075,10680,23,https://www.heavyequipmentrentals.com/rentals/dozers
33119,12152,32,https://www.nmccat.com/used-equipment/motor-graders?fwp_categories=motor-graders
30010,11460,32,https://www.traylorequipment.com/category/for-sale/cranes-for-sale/
29263,10816,23,http://riechmannbros.com/Equipment/Used-Equipment/Combine-Platforms.aspx
29970,11438,32,http://inventory.vhtrucks.com/
34631,12209,32,http://www.elderontruck.com/trucks-for-sale/?group=daycab
32945,12135,29,https://www.yanceybros.com/cat_used_equipments/vibratory-double-drum-asphalt
29609,11108,29,https://www.westernstarnorthwest.com/truck-inventory/used-trucks
30553,12007,32,http://aandhequipment.com/for-sale/
33383,12167,29,https://www.quinncompany.com/used-equipment/large-mining-products/
33613,11317,32,https://www.bigtruckequipment.com/inventory/7/Vacuum-Trucks
30283,11727,31,http://www.eagleamericainc.com/category.php
30321,11780,23,http://www.Bobcatofmandan.com/pre-owned.aspx
32914,11562,32,http://www.blanchardmachinery.com/equipment/used/articulated-trucks
29718,11201,31,http://www.rogerstrailers.com/divisions/dedicated
29238,10785,29,https://www.kmhsystems.com/used-forklifts-lift-trucks/used-forklifts-pneumatic-tire/
29909,11395,29,https://www.everythingattachments.com/Chain-Harrows-Drag-Harrows-s/68.htm
34640,12209,32,http://www.elderontruck.com/trucks-for-sale/?group=sweeper-truck
29539,11038,32,http://www.farwestequipment.com/used-trucks/
30523,11978,23,https://www.rdotruckcenter.com/inventory/trucks/
32719,12127,31,https://www.miltoncat.com/machinery-equipment/used/harvesters
33415,12167,29,https://www.quinncompany.com/used-equipment/track-type-tractors/
33070,12141,31,https://www.macallisterused.com/equipment/used/?fwp_template=used_products_grid
28914,10585,23,https://www.triplectrailersales.com/features/used/
33606,11896,32,https://access-lift.com/inventory/telescopic/
29742,11236,32,https://www.carrollequipment.com/hydraulic-sweepers
29257,10816,23,http://riechmannbros.com/Equipment/Used-Equipment/Miscellaneous-Ag-Attachments.aspx
28980,10621,22,https://www.alm9.com/aluma-trailers
30069,11519,29,http://lehighequips.com/category/all-equipment/
32923,11562,32,http://www.blanchardmachinery.com/equipment/used/forest-machines
30467,11914,23,https://www.candhequipment.com/used-equipment/
29442,10936,31,http://apexequipment.com/chassis-trucks-for-sale/
28894,10548,32,https://www.ficdealerships.com/inventory/
33104,12147,22,https://www.altorfer.com/used/equipment/articulated-trucks/
34669,12209,32,http://www.elderontruck.com/equipment-for-sale/?group=off-highway-truck
29888,11374,29,http://www.keiters.com/category/find-equipment/planters-drills/
30473,11918,23,http://www.firstfleettrucksales.com/serco.html
29649,11154,31,http://www.toptrucks.net/trucks-for-sale/
32868,12133,23,https://www.gregorypoole.com/used-equipment/equipment/others/
34579,12234,32,http://www.atkinsontrucksales.com/trucklist.php?type=Trailers&subtype=End%20Dump
30511,11956,32,https://www.briggsirrigation.co.uk/applications/agriculture/
30380,11822,23,https://www.heartofdixieequipment.com/Inventory#filter=.Log_Loader_Knuckleboom
30640,12101,31,http://www.stjosephequipment.com/inventory.php
29739,11236,32,https://www.carrollequipment.com/forks
29957,11431,23,https://machinerytradeoff.com/inventory/excavator
28317,10217,31,https://www.clevelandbrothers.com/rental-equipment/site-support/air-equipment/
33934,12217,22,http://www.barrgo.com/equipment/other-equipment-for-sale/
30419,11860,23,http://www.johnsonequipmentblackriverfalls.com/home.html?page=shop.browse&category_id=27
30559,12038,22,https://www.championpowerequipment.com/products/cultivators-tillers/
30027,11476,22,https://www.misequipmentsales.com/equipment-type/crawlers-excavators/
29462,10968,29,http://www.valleyfreightlinertruck.com/pre-owned.aspx
28345,10239,31,https://www.clevelandbrothers.com/used-equipment/equipment/water-equipment/
32919,11562,32,http://www.blanchardmachinery.com/equipment/used/compact-loaders
34666,12209,32,http://www.elderontruck.com/equipment-for-sale/?group=lighting
34524,12243,23,https://mullerequipment.com/equipment/
30203,11639,31,https://www.goodrichtrailers.com/trailers/?clearance=yes
29592,11086,29,http://hjvequip.com/category/all-used-equipment/used-loader/
28546,10326,32,https://www.countryblacksmithtrailers.com/store/pc/Enclosed-Cargo-Trailers-c136.htm
34592,12234,32,http://www.atkinsontrucksales.com/trucklist.php?type=Tractors
30036,11481,31,https://www.petersontrucks.com/products/inventory
33091,12143,32,https://www.riggscat.com/used-products/wheel-loaders-integrated-toolcarriers/
34693,12209,32,http://www.elderontruck.com/attachments-for-sale/?group=track
28588,10326,32,http://www.countryblacksmithtrailers.com/store/pc/Dump-Trailers-c273.htm
29993,10816,31,http://erbequipment.com/Used-Equipment/Equipment/Crawler-Dozers.aspx
32677,12125,23,https://www.albancat.com/used/for-sale/skid-steer-loaders-asv/
28547,10326,32,https://www.countryblacksmithtrailers.com/store/pc/Livestock-Trailers-c143.htm
28568,10326,32,http://www.countryblacksmithtrailers.com/store/pc/Motorcycle-Trailers-c145.htm
32880,12133,23,https://www.gregorypoole.com/used-equipment/equipment/water-equipment/
33991,12218,32,https://www.stsbbx.com/equipment-sales/?cat=2&subcat=12
30028,11486,31,http://www.equipmentlocator.com/asp/browse/loc/na-en/con/4/industry/trk/type/325/make/viewall/model/viewall/
32937,11562,32,http://www.blanchardmachinery.com/equipment/used/vibratory-rollers
29816,11317,32,http://www.bigtruckequipment.com/inventory/7/Vacuum-Trucks
33936,12217,22,http://www.barrgo.com/equipment/reefer-trailers-for-sale/
34677,12209,32,http://www.elderontruck.com/attachments-for-sale/?group=auger
29200,10760,29,https://www.milamequipmentsales.com/equipment-inventory/water-equipment
29658,11162,29,http://www.goldenwesttoweq.com/tow-trucks-for-sale/used-light-duty
33351,12166,31,http://www.holtags.com/used/agriculture?__hstc=133360657.85a9b86729a991e2cd89066b6b68ac72.1554124052628.1554124052628.1554124052628.1&__hssc=133360657.2.1554124052631&__hsfp=3284909877
29832,11328,22,https://www.abcequipment.com/equipment.asp?action=category&category=123
29402,11030,31,http://www.bestrucksofmiami.net/
32615,12123,31,http://www.foleyinc.com/construction/used/articulated-trucks/
30414,11860,23,http://www.johnsonequipmentblackriverfalls.com/home.html?page=shop.browse&category_id=16
34655,12209,32,http://www.elderontruck.com/trailers-for-sale/?group=van-trailer
34376,11909,29,http://leadersfarmequipment.com/product-category/tractor/
32626,12123,31,http://www.foleyinc.com/construction/used/mining-equipment/
28982,10621,22,https://www.alm9.com/Aluminium-Cargo-Trailers
33406,12167,29,https://www.quinncompany.com/used-equipment/snow-removals/
30601,12066,22,http://www.cochranfarmsupply.com/FarmEquipment
33981,12218,32,https://www.stsbbx.com/equipment-sales/?cat=2&subcat=2
33612,11317,32,https://www.bigtruckequipment.com/inventory/1/Crane-Trucks
28983,10621,22,https://www.alm9.com/big-tex-trailers
33928,12217,22,http://www.barrgo.com/equipment/dump-trucks-for-sale/
34658,12209,32,http://www.elderontruck.com/equipment-for-sale/?group=compactor
29747,11239,32,http://chemicalcontainers.com/spray-trucks
34590,12234,32,http://www.atkinsontrucksales.com/trucklist.php?type=Tractors&make=Caterpillar
29810,11298,31,http://www.ellenbaumtrucksales.com/inventory/11/tandem-van-trucks
29746,11242,31,http://www.micoequipment.com/crawler-dozers-for-sale
33090,12143,32,https://www.riggscat.com/used-products/track-type-tractors-dozers/
30041,11476,22,https://www.misequipmentsales.com/equipment-type/sweepers/
29999,11454,29,http://www.adelmans.com/equipment
30617,12084,23,http://hollistontruck.com/us_portfolio_category/miscellanous-trucks/
28338,10217,31,https://www.clevelandbrothers.com/used-equipment/equipment/multi-terrain-loaders/
30116,12340,31,https://www.truckworx.com/inventory_truck.aspx
29400,2372,31,https://www.vistotrailers.com/equipment-trailers
34583,12234,32,http://www.atkinsontrucksales.com/trucklist.php?type=Dump%20Trucks&make=Western%20Star
30657,12114,22,https://www.hceamericas.com/wheeled-excavators/
29753,11242,31,http://www.micoequipment.com/backhoe-for-sale
30412,11851,29,https://housby.com/servlet/Search.do?auctionId=31319&categoryName=GARBAGE+PACKER
32948,12135,29,https://www.yanceybros.com/cat_used_equipments/track-type-tractors
30233,11668,22,https://www.4riversequipment.com/4r-inventory/farm-and-agriculture/
29171,10284,32,https://www.butlermachinery.com/used-equipment/asphalt-pavers/
30591,12059,23,http://www.empire-tnt.com/trucks/inventory/
29607,11108,32,https://www.freightlinernorthwest.com/truck-inventory/used-heavy-duty-trucks
29150,10737,32,https://www.gogreenway.com/eqfilter/fetchall?take=20&page=1&category=&location=&manufacturer=&model=&year=&price=&keywords=&order=
29313,10857,32,https://www.middletonrv.com/inventory
33195,12157,29,http://www.wyomingcat.com/products/used/dragline-shovel-exchange
33103,12147,22,https://www.altorfer.com/used/equipment/backhoe-loaders/
28380,10239,32,https://www.warrencat.com/rental-equipment/allied-equipment/rock-crushers/
30006,11460,32,https://www.traylorequipment.com/category/for-sale/support-equipment/
30536,11038,23,http://www.defiancetrucksales.com/inventory.aspx
30249,11700,23,http://www.nissleyequipment.com/index.php?option=com_inventory&view=truckinv&layout=truckinv&Itemid=112
29813,11298,32,http://www.quality-trucks-for-sale.com/inventory/20/all-trucks-for-sale
29894,11377,29,https://www.agri-service.com/hay-equipment
28399,10239,32,https://www.warrencat.com/rental-equipment/allied-equipment/trailers/
29823,11317,32,http://www.bigtruckequipment.com/inventory/13/Trailers
29779,11285,23,https://www.worktrucksandvans.com/vehicles-en/list.html?expkeyword=ford&Itemid=972&catid=0&74963938130f350ddf07253e7de01ce9=1
29651,11154,31,https://www.usedworktrucksforsale.com/trucks-for-sale/?group=service-utility-truck
32674,12125,23,https://www.albancat.com/used/for-sale/paving-products/
30415,11851,29,https://housby.com/servlet/Search.do?auctionId=22719&categoryName=SWEEPER
33087,12143,32,https://www.riggscat.com/used-products/skid-steer-loaders-asvs/
33411,12167,29,https://www.quinncompany.com/used-equipment/telehandlers/
33184,12157,29,http://www.wyomingcat.com/products/used/articulated-trucks/740-articulated-trucks
30236,11679,29,https://www.ddsalestrailers.com/category/trailers/
30001,11454,29,http://www.adelmans.com/vac-trucks
29661,11162,29,http://www.goldenwesttoweq.com/tow-trucks-for-sale/used-medium-duty
33354,12166,31,https://www.holtca.com/used/used-power-systems
34679,12209,32,http://www.elderontruck.com/attachments-for-sale/?group=blade
29242,10785,29,https://www.kmhsystems.com/used-forklifts-lift-trucks/used-forklifts-electric-walkies/
29084,10680,23,https://www.heavyequipmentrentals.com/rentals/small-power-equipment
29941,11416,23,http://www.hainsworthfarms.com/other-equipment.html
29624,12343,31,https://www.conquestequipment.net/wheel-loaders
29750,11242,31,http://www.micoequipment.com/cranes-for-sale
28536,10326,32,https://www.countryblacksmithtrailers.com/store/pc/Dump-Trailers-c273.htm
33084,12143,32,https://www.riggscat.com/used-products/forest-products/
30146,11574,29,https://candhtruck.com/trucks/used-heavy-equipment-for-sale/31/all-equipment
32924,11562,32,http://www.blanchardmachinery.com/equipment/used/harvester
30314,11775,32,http://www.williamstrucks.com/make/Ford
34584,12234,32,http://www.atkinsontrucksales.com/trucklist.php?type=Dump%20Trucks&make=Volvo
33930,12217,22,http://www.barrgo.com/equipment/flatbed-trailers-for-sale/
29935,11416,23,http://www.hainsworthfarms.com/tankstrailers.html
30064,11506,22,https://www.rocksystems.com/crushing-equipment
28902,10560,32,https://www.cmw-equip.com/used-equipment/used-paving-equipment/used-paving-equipment-asphalt-pavers/
33183,12157,29,http://www.wyomingcat.com/products/used/articulated-trucks/725-articulated-trucks
30388,11826,29,http://www.kensar.com/aerial-lifts/
28589,10326,32,https://www.countryblacksmithtrailers.com/store/pc/Used-Trailers-for-Sale-c150.htm
33374,12167,29,https://www.quinncompany.com/used-equipment/forklifts/
30190,11630,32,https://www.trailersplus.com/California/Lakeside/inventory/equipment
33610,11317,32,https://www.bigtruckequipment.com/inventory
33099,12147,22,https://www.altorfer.com/used/equipment/trailers/
28928,10585,23,https://www.triplectrailersales.com/bodytype/trailer-design-gallery/
33982,12218,32,https://www.stsbbx.com/equipment-sales/?cat=2&subcat=3
33611,11317,32,https://www.bigtruckequipment.com/inventory/2/Bucket-Trucks-
29825,11317,32,http://www.bigtruckequipment.com/inventory/3/Street-Sweepers
32877,12133,23,https://www.gregorypoole.com/used-equipment/equipment/track-type-tractors/
34011,12218,32,https://www.stsbbx.com/equipment-sales/?cat=6&subcat=50
32708,12127,31,https://www.miltoncat.com/machinery-equipment/used/used-asphalt-pavers
34670,12209,32,http://www.elderontruck.com/equipment-for-sale/?group=paver
33409,12167,29,https://www.quinncompany.com/used-equipment/stationary-generator-sets/
33988,12218,32,https://www.stsbbx.com/equipment-sales/?cat=2&subcat=9
32644,12123,31,http://www.foleyinc.com/construction/used/track-type-tractors-dozers/
32630,12123,31,http://www.foleyinc.com/construction/used/off-highway-trucks-tractors/
32738,12127,31,https://www.miltoncat.com/machinery-equipment/used/wheel-loaders
34651,12209,32,http://www.elderontruck.com/trailers-for-sale/?group=lowboy-trailer
33377,12167,29,https://www.quinncompany.com/used-equipment/harvesters/
28562,10326,32,https://www.countryblacksmithtrailers.com/store/pc/UTILITY-TRAILERS-c149.htm
34646,12209,32,http://www.elderontruck.com/trailers-for-sale/?group=dump-trailer
32729,12127,31,https://www.miltoncat.com/machinery-equipment/used/skid-steer-loaders
28573,10326,32,https://www.countryblacksmithtrailers.com/store/pc/Tanker-Trailers-c146.htm
34653,12209,32,http://www.elderontruck.com/trailers-for-sale/?group=tag-trailer
33419,12167,29,https://www.quinncompany.com/used-equipment/vibratory-single-drum-pads/
34632,12209,32,http://www.elderontruck.com/trucks-for-sale/?group=dump-truck
34689,12209,32,http://www.elderontruck.com/attachments-for-sale/?group=shank
28559,10326,32,https://www.countryblacksmithtrailers.com/store/pc/Used-Tilt-Trailers-For-Sale-c243.htm
34676,12209,32,http://www.elderontruck.com/attachments-for-sale/?group=agricultural-attachment
34680,12209,32,http://www.elderontruck.com/attachments-for-sale/?group=brush-clearing
34627,12209,32,http://www.elderontruck.com/trucks-for-sale/?group=boom-truck
34660,12209,32,http://www.elderontruck.com/equipment-for-sale/?group=crane
29994,10816,31,http://erbequipment.com/Used-Equipment/Equipment.aspx
34180,12358,29,https://fertilizerequipment.net/?page_id=13
32745,12128,23,https://cartermachinery.com/machines/used/chippers
34549,12210,29,http://tuffmachinery.com/products/rippers/
33051,12206,23,https://www.thompsontractor.com/machines/used/miscellaneous
30452,11897,22,https://www.southernplainseq.com/listing-category/rent/excavators-rent/
29414,10918,32,https://tropictrailer.com/inventory/?fwp_status=used
29997,10816,31,http://erbequipment.com/Used-Equipment/Equipment/Compaction-Equipment.aspx
29434,10936,31,http://apexequipment.com/grapple-trailers-for-sale/
29556,12216,31,http://apexequipment.com/grapple-booms-for-sale/
32749,12128,23,https://cartermachinery.com/machines/used/track-excavators
34187,12358,29,https://fertilizerequipment.net/?page_id=19
30298,11751,23,https://bambauerequipment.com/category/dragline-tool-bars/
29636,10843,32,http://lairdmanufacturing.com/used-equipment/manure-systems/
30512,11960,22,http://traileze.com/trailers/rental
30287,11739,31,https://www.lanoequip.com/skid-steer-loaders/
32768,12128,23,https://cartermachinery.com/machines/used/wheel-tractor-scrapers
34377,11909,29,http://leadersfarmequipment.com/product-category/construction-equipment/
32767,12128,23,https://cartermachinery.com/machines/used/wheel-loaders
33039,12206,23,https://www.thompsontractor.com/machines/used/forest
29639,10843,32,http://lairdmanufacturing.com/used-equipment/tractors/
29895,11377,29,https://www.agri-service.com/planting-equipment
29892,11383,23,http://www.bellerandbackes.com/browse-used-equipment/Combine/all-makes/all-models/
29785,11285,23,https://www.worktrucksandvans.com/inventory-work-trucks-vans/4wd-trucks.html
28692,10403,23,http://mackinnonjcb.com/wp-content/plugins/cws-showrooms/templates/showrooms-ajax.php?manufacturer=JCB&category=Telehandlers&_=1558530839923
34682,12209,32,http://www.elderontruck.com/attachments-for-sale/?group=cable-plow
28537,10326,32,https://www.countryblacksmithtrailers.com/store/pc/Car-Equipment-Flatbeds-c141.htm
32721,12127,31,https://www.miltoncat.com/machinery-equipment/used/lift-boom
33265,12231,23,https://www.holtcat.com/products/used.aspx?fn=ViewListing&pfc=WL
32961,12135,29,https://www.yanceybros.com/cat_used_equipments/forestry-forwarder
32636,12123,31,http://www.foleyinc.com/construction/used/skid-steer-loaders-asv/
37959,12161,1,https://wheelercat.com/used-equipment/compactors/
28557,10326,32,https://www.countryblacksmithtrailers.com/store/pc/PJ-Trailers-for-Sale-c226.htm?cf8s%5B%5D=Used
33282,12231,23,https://www.holtcat.com/products/used.aspx?fn=ViewListing&pfc=VSDP
29303,10843,23,http://nwmixerfeeders.com/inventory-overview/pre-owned-inventory/pre-owned-spreaders/
29982,11447,32,https://www.aerialliftequipment.com/equipment-for-sale/boom-lifts-for-sale
32654,12124,31,https://www.clevelandbrothers.com/used-equipment/equipment/air-compressor/
30447,11896,32,https://www.access-lift.com/inventory/telescopic/
34586,12234,32,http://www.atkinsontrucksales.com/trucklist.php?type=Tractors&make=International
34686,12209,32,http://www.elderontruck.com/attachments-for-sale/?group=hammer
29196,10760,29,https://www.milamequipmentsales.com/equipment-inventory/sweepers-broom-equipment
30635,12096,29,http://www.myersimplement.com/used/listings.php?category=Tillage
29945,11417,29,https://www.truckenterprises.com/collections/all
29992,10816,31,http://erbequipment.com/Used-Equipment/Equipment/Skid-Steer-Loaders.aspx
30513,11960,22,http://traileze.com/trailers/agriculture/
29559,11049,31,http://apexequipment.com/used-equipment-for-sale/
30588,12055,22,http://www.bbtrailers.com/Equipment-Trailers
30609,12061,23,http://www.centraltruckcenter.com/features/alluminum-fuel-tank/
30389,11826,29,http://www.kensar.com/other-equipment/
29412,10918,32,https://tropictrailer.com/inventory/?fwp_type=utility-trailer
30407,11853,22,http://lostspurtrailers.com/Trailers.aspx
33097,12147,22,https://www.altorfer.com/used/equipment/compactors/
30195,11630,32,https://www.trailersplus.com/California/Lakeside/inventory/utility
33921,12217,22,http://www.barrgo.com/equipment/concrete-mixer-trucks-for-sale/
33232,12231,23,https://www.holtcat.com/products/used.aspx?fn=ViewListing&pfc=SPRY
32734,12127,31,https://www.miltoncat.com/machinery-equipment/used/excavators
33528,10506,22,https://www.pittmantractor.com/store/c4/Dozers.html
30534,11984,31,https://www.i10equipment.com/Catalog?type=Concrete-Trucks&categoryId=1
30606,12061,23,http://www.centraltruckcenter.com/features/vantage-padded-interior/
28577,10326,32,http://www.countryblacksmithtrailers.com/store/pc/Car-Equipment-Flatbeds-c141.htm
32930,12205,32,http://www.blanchardmachinery.com/equipment/used/off-highway
28077,2373,31,https://www.joestractorsales.com/itemgroup/used-tractors-5
30301,11751,23,https://bambauerequipment.com/category/agitation-transfer-pumps/
30034,11476,22,https://www.misequipmentsales.com/equipment-type/compactors-rollers/
34035,12236,31,https://tristaraerial.com/equipment/used-towable-boom-lifts/
32717,12127,31,https://www.miltoncat.com/machinery-equipment/used/forest-machines
30280,2371,22,https://ramsytrucksales.com/inventory/
33246,12231,23,https://www.holtcat.com/products/used.aspx?fn=ViewListing&pfc=VDDA
30122,11549,31,http://www.mfeag.com/browse-used-equipment/Header-Corn/all-makes/all-models/
29680,11184,29,https://www.westgatetrailer.net/inventory/?sh&type=4
30256,11698,29,https://www.carlstrailersales.com/used-trailers/
30651,12113,22,http://www.sterlingequipmentinc.com/equipment/used-equipment
28551,10326,32,http://www.countryblacksmithtrailers.com/store/pc/Tanker-Trailers-c146.htm
33115,12152,32,https://www.nmccat.com/used-equipment/backhoe-loaders?fwp_categories=backhoe-loaders
29811,11298,31,http://www.ellenbaumtrucksales.com/inventory/20/all-trucks-for-sale
29192,10760,29,https://www.milamequipmentsales.com/view-all
33333,12162,22,https://www.cashmanequipment.com/machines/used/industrial-loaders
34688,12209,32,http://www.elderontruck.com/attachments-for-sale/?group=rake
28827,12345,32,http://www.ocalafreightliner.com/inventory.aspx
28988,10621,22,https://www.alm9.com/Tilt-Bed-Trailers
33242,12231,23,https://www.holtcat.com/products/used.aspx?fn=ViewListing&pfc=SSL
30082,11528,23,http://diamondrtrailers.com/CargoTrailers.aspx?ct_type=Flatbed
30354,11788,31,http://www.raadams.com/search-inventory/trailers
28542,10326,32,http://www.countryblacksmithtrailers.com/store/pc/Utility-Trailers-c149.htm
29570,10816,29,http://beardequipment.com/Used-Equipment/Browse-Used-Equipment.aspx
34645,12209,32,http://www.elderontruck.com/trailers-for-sale/?group=drop-deck-trailer
30029,11486,31,http://www.equipmentlocator.com/asp/browse/loc/na-en/con/4/industry/trk/type/391/make/viewall/model/viewall/
34049,12233,29,http://www.codyjamesusedequipment.com/product-category/swather/
29625,12343,31,https://www.conquestequipment.net/motor-graders
30533,11984,31,https://www.i10equipment.com/Catalog/Trucks
30061,11492,32,http://www.emeraldequipmentsystems.com/brands/gator/
30596,12061,32,http://scruggsmotors.com/full-inventory/
33540,10506,22,https://www.pittmantractor.com/store/c9/Sweepers%2FBroom.html
33614,11317,32,https://www.bigtruckequipment.com/inventory/4/Dump-Trucks
28796,10446,23,https://www.dhmco.com/ford-medium-duty-trucks/
33270,12231,23,https://www.holtcat.com/products/used.aspx?fn=ViewListing&pfc=WTRT
32668,12125,23,https://www.albancat.com/used/for-sale/forest-products/
30252,11700,23,http://www.nissleyequipment.com/index.php?option=com_inventory&view=equipinv&layout=equipinv&Itemid=114
30191,11630,32,https://www.trailersplus.com/California/Lakeside/inventory/cargo
32950,12135,29,https://www.yanceybros.com/cat_used_equipments/forestry-feller-bunchers-wheel
32939,12205,32,http://www.blanchardmachinery.com/equipment/used/work-tool-attachments
30629,12090,31,https://www.mhequipment.com/used-equipment-inventory
28419,10239,32,https://www.warrencat.com/rental-equipment/attachments/skid-steer-trencher-attachments/
29208,10760,29,https://www.milamequipmentsales.com/equipment-inventory/dozers-crawler
32865,12133,23,https://www.gregorypoole.com/used-equipment/equipment/motor-graders/
30335,11568,23,http://gardenstatebobcat.com/listings/?condition=used-machines
33483,12169,29,https://www.artectractor.com/default.asp?page=xPreOwnedInventory
33229,12231,23,https://www.holtcat.com/products/used.aspx?fn=ViewListing&pfc=TRLR
29635,10843,32,http://lairdmanufacturing.com/used-equipment/tilage-equipment/
30193,11630,32,https://www.trailersplus.com/California/Lakeside/inventory/atv
33081,12143,32,https://www.riggscat.com/used-products/backhoe-loaders/
29198,10760,29,https://www.milamequipmentsales.com/equipment-inventory/compactors-pneumatic
29713,11201,31,http://www.rogerstrailers.com/series/ultima
30066,11506,22,https://www.rocksystems.com/gold-recovery-equipment
29398,10908,22,http://bestrucksofmn.net/
30315,11775,32,http://www.williamstrucks.com/inventory
34038,12233,29,http://www.codyjamesusedequipment.com/product-category/agricultural-equipment/
28828,12345,31,http://www.wwtrailers.us/inventory.aspx
33222,12231,23,https://www.holtcat.com/products/used.aspx?fn=ViewListing&pfc=TTT
29271,10816,23,http://riechmannbros.com/Equipment/Used-Equipment/Forage-Boxes-Blowers.aspx
29930,11398,22,https://www.hoober.com/usedequipment/Simple_Inventory.aspx?category=TIL&framed=2
29989,10816,23,http://greenlineequip.com/Equipment/Used-Equipment.aspx
29820,11317,32,http://www.bigtruckequipment.com/inventory/14/Misc.-Equipment
29147,10737,29,https://www.hiawathaimplement.com/eqfilter/fetchall?take=20&page=1&category=&location=&manufacturer=&model=&year=&price=&keywords=&order=
29154,10737,29,https://www.belkorpag.com/eqfilter/fetchall?take=20&page=1&category=&location=&manufacturer=&model=&year=&price=&keywords=&order=
32933,12205,32,http://www.blanchardmachinery.com/equipment/used/skidders
32715,12127,31,https://www.miltoncat.com/machinery-equipment/used/dozers
34661,12209,32,http://www.elderontruck.com/equipment-for-sale/?group=dozer
33240,12231,23,https://www.holtcat.com/products/used.aspx?fn=ViewListing&pfc=GENS
32669,12125,23,https://www.albancat.com/used/for-sale/lifts/
29695,11197,23,https://www.shivelyhardware.com/used-ag-equipment-inventory/
29983,11447,32,https://www.aerialliftequipment.com/equipment-for-sale
34051,12233,29,http://www.codyjamesusedequipment.com/product-category/tub-mixer/
32618,12123,31,http://www.foleyinc.com/construction/used/compactors/
32713,12127,31,https://www.miltoncat.com/machinery-equipment/used/crushers
32864,12133,23,https://www.gregorypoole.com/used-equipment/equipment/mining-equipment/
29611,11108,32,https://www.freightlinernorthwest.com/truck-inventory/used-freightliner-trucks
29540,11038,22,http://www.generaltrucksales.com/TOLEDO/inventory.aspx
30251,11700,31,http://www.feroneequip.com/index.php?option=com_inventory&view=inventory&type=equipdb&seller_id=62066&cat_id=1206&Itemid=114
28576,10326,32,https://www.countryblacksmithtrailers.com/store/pc/TANKER-TRAILERS-c146.htm
30396,11839,29,http://www.burrfarms.com/index.php/used-equipment/extended-boom-forklifts
32730,12127,31,https://www.miltoncat.com/machinery-equipment/used/skidders
33256,12231,23,https://www.holtcat.com/products/used.aspx?fn=ViewListing&pfc=211B
30241,11689,22,http://tbtrailersales.com/trailer-inventory/
32928,12205,32,http://www.blanchardmachinery.com/equipment/used/mini-hydraulic-excavator
33993,12218,32,https://www.stsbbx.com/equipment-sales/?cat=3&subcat=14
33353,12166,31,http://www.holtlift.com/used/?__hstc=133360657.85a9b86729a991e2cd89066b6b68ac72.1554124052628.1554124052628.1554124052628.1&__hssc=133360657.2.1554124052631&__hsfp=3284909877
33989,12218,32,https://www.stsbbx.com/equipment-sales/?cat=2&subcat=10
34047,12233,29,http://www.codyjamesusedequipment.com/product-category/skid-steer-loaders-wheel/
30468,11918,23,http://www.firstfleettrucksales.com/other.html
29947,11398,22,https://www.hoober.com/usedequipment/Simple_Inventory.aspx?category=MHA&framed=2
29573,10816,31,http://castongias.com/Equipment/Used-Equipment
28915,10560,32,https://www.cmw-equip.com/used-equipment/used-readymix-equipment/used-readymix-concrete-plants/
33533,10506,22,https://www.pittmantractor.com/store/c6/Motor_Graders.html
28723,10403,22,http://bobcatofchico.com/wp-content/plugins/cws-showrooms/templates/showrooms-ajax.php?manufacturer=Bobcat&category=Telehandlers&_=1558531135774
34048,12233,29,http://www.codyjamesusedequipment.com/product-category/skip-loaders/
28695,10403,23,http://mackinnonjcb.com/wp-content/plugins/cws-showrooms/templates/showrooms-ajax.php?manufacturer=JCB&category=Excavators&_=1558531278722
28976,10621,22,https://www.alm9.com/cargo-trailers
33247,12231,23,https://www.holtcat.com/products/used.aspx?fn=ViewListing&pfc=WTS
29871,11356,23,http://www.dwliftsales.com/inventory-categories/miscellaneous/
29782,11285,23,https://www.worktrucksandvans.com/inventory-work-trucks-vans/2wd-trucks.html
30630,12092,31,http://www.obryansequipment.com/Farm-maxx_bymfg_3-0-1.html
28322,10217,31,https://www.clevelandbrothers.com/used-equipment/equipment/trailers/
30113,12009,31,http://www.price-international.com/inventory_used.aspx
29314,10857,31,https://www.millertrailersales.com/used
30480,11038,29,http://www.jaspertrucks.com/inventory.aspx?breakout=trailers
33100,12147,22,https://www.altorfer.com/used/equipment/excavators/
29743,11236,32,https://www.carrollequipment.com/attachments
30466,11918,23,https://www.candhequipment.com/used-equipment/tillage/
29322,10857,23,https://www.thomasamerican.com/trailers
29524,11019,32,https://www.trucksite.com/inventory/
32938,12205,32,http://www.blanchardmachinery.com/equipment/used/wheel-loader
33986,12218,32,https://www.stsbbx.com/equipment-sales/?cat=2&subcat=7
34050,12233,29,http://www.codyjamesusedequipment.com/product-category/tires/
28979,10621,22,https://www.alm9.com/car-trailers
29620,12343,31,https://www.conquestequipment.net/other-equipment
33539,10506,22,https://www.pittmantractor.com/store/c5/Excavators.html
28558,10326,32,https://www.countryblacksmithtrailers.com/store/pc/Utility-Trailers-c149.htm
33131,12152,32,https://www.nmccat.com/used-equipment/wheel-loaders?fwp_categories=wheel-loaders
33101,12147,22,https://www.altorfer.com/used/equipment/mining-equipment/
30483,10459,29,http://www.jaspertrucks.com/inventory.aspx?breakout=trucks
33500,12242,22,https://www.fredricksoutdoor.com/mahindra
33927,12217,22,http://www.barrgo.com/equipment/dump-trailers-for-sale/
32929,12205,32,http://www.blanchardmachinery.com/equipment/used/motor-graders
34026,12218,32,https://www.stsbbx.com/equipment-sales/?cat=8&subcat=46
30073,11506,22,https://www.rocksystems.com/jaw-crushers
29191,10760,29,https://www.milamequipmentsales.com/equipment-inventory/wheel-loaders
30089,11528,23,http://diamondrtrailers.com/Trailers.aspx?c_horses=Stock
29928,11398,22,https://www.hoober.com/usedequipment/Simple_Inventory.aspx?category=OTH&framed=2
30197,11630,32,https://www.trailersplus.com/California/Lakeside/inventory/hauler
32850,12133,23,https://www.gregorypoole.com/used-equipment/equipment/aggregates/
30599,12066,22,http://www.cochranfarmsupply.com/Trailers
30111,12340,31,https://www.truckworx.com/inventory_bus.aspx
33098,12147,22,https://www.altorfer.com/used/equipment/paving-products/
29234,10785,29,https://www.kmhsystems.com/used-forklifts-lift-trucks/used-forklifts-narrow-aisle/
29852,11347,29,https://www.casalerentall.com/forsale.asp
32952,12135,29,https://www.yanceybros.com/cat_used_equipments/forestry-harvester
29608,12343,31,https://www.conquestequipment.net/skid-steers
28947,10587,22,https://www.lancasterfarminglocator.com/construction/cranes.html
28344,10217,31,https://www.clevelandbrothers.com/used-equipment/equipment/machinery/
28358,10239,32,https://www.warrencat.com/rental-equipment/allied-equipment/aerial-lifts/
29087,10680,23,https://www.heavyequipmentrentals.com/sales/used/stock
28809,10446,23,https://www.dhmco.com/cm-horse-trailers/
34681,12209,32,http://www.elderontruck.com/attachments-for-sale/?group=bucket
30430,12059,23,http://www.empireag.com/used-equipment/?f=731
32860,12133,23,https://www.gregorypoole.com/used-equipment/equipment/forest-products/
33253,12231,23,https://www.holtcat.com/products/used.aspx?fn=ViewListing&pfc=TEX
34641,12209,32,http://www.elderontruck.com/trucks-for-sale/?group=tanker-truck
33190,12157,29,http://www.wyomingcat.com/products/used/backhoe-loaders
34010,12218,32,https://www.stsbbx.com/equipment-sales/?cat=6&subcat=49
28360,10239,32,https://www.warrencat.com/rental-equipment/attachments/skid-steer-auger-attachments/
32641,12123,31,http://www.foleyinc.com/construction/used/track-loaders/
33268,12231,23,https://www.holtcat.com/products/used.aspx?fn=ViewListing&pfc=WEX
30268,11706,22,https://www.rtrservices.com/equipment.php?id=Agricultural
32920,12205,32,http://www.blanchardmachinery.com/equipment/used/Dozers
33320,12162,22,https://www.cashmanequipment.com/machines/used/motor-graders
33220,12231,23,https://www.holtcat.com/products/used.aspx?fn=ViewListing&pfc=AGGS
34030,12218,32,https://www.stsbbx.com/equipment-sales/?cat=9&subcat=33
32876,12133,23,https://www.gregorypoole.com/used-equipment/equipment/track-type-loaders/
33279,12231,23,https://www.holtcat.com/products/used.aspx?fn=ViewListing&pfc=AUG
34687,12209,32,http://www.elderontruck.com/attachments-for-sale/?group=jib
34657,12209,32,http://www.elderontruck.com/equipment-for-sale/?group=backhoe
33252,12231,23,https://www.holtcat.com/products/used.aspx?fn=ViewListing&pfc=WE
33259,12231,23,https://www.holtcat.com/products/used.aspx?fn=ViewListing&pfc=VSDA
28339,10217,31,https://www.clevelandbrothers.com/rental-equipment/machines/skid-steer-loaders/
33617,11317,32,https://www.bigtruckequipment.com/inventory/8/Utility-&-Service
33427,12167,29,https://www.quinncompany.com/used-equipment/wheel-tractor-scrapers/
33248,12231,23,https://www.holtcat.com/products/used.aspx?fn=ViewListing&pfc=SR
34694,12209,32,http://www.elderontruck.com/attachments-for-sale/?group=winch
32862,12133,23,https://www.gregorypoole.com/used-equipment/equipment/lifts/
33379,12167,29,https://www.quinncompany.com/used-equipment/hydraulic-track-drills/
34638,12209,32,http://www.elderontruck.com/trucks-for-sale/?group=sleeper
32650,12123,31,http://www.foleyinc.com/construction/used/wheel-loaders-integrated-toolcarriers/
33390,12167,29,https://www.quinncompany.com/used-equipment/motor-graders/
28550,10326,32,https://www.countryblacksmithtrailers.com/store/pc/Used-Gooseneck-Trailers-For-Sale-c233.htm
34684,12209,32,http://www.elderontruck.com/attachments-for-sale/?group=fork
34644,12209,32,http://www.elderontruck.com/trailers-for-sale/?group=dolly-trailer
33050,12206,23,https://www.thompsontractor.com/machines/used/aerial-lifts
32742,12128,23,https://cartermachinery.com/machines/used/backhoe-loaders
30442,11896,32,https://www.access-lift.com/inventory/mast-forklifts/
